{
    "$schema": "https://schema.management.azure.com/schemas/2015-01-01/deploymentParameters.json#",
    "contentVersion": "1.0.0.0",
    "parameters": {
        "name": {
            "value": "contactmangeroffice"
        },
        "location": {
            "value": "centralindia"
        },
        "locationName": {
            "value": "Central India"
        },
        "defaultExperience": {
            "value": "Core (SQL)"
        },
        "isZoneRedundant": {
            "value": "false"
        }
    }
}