{
    "$schema": "http://schema.management.azure.com/schemas/2015-01-01/deploymentTemplate.json#",
    "contentVersion": "1.0.0.0",
    "parameters": {
        "name": {
            "type": "string"
        },
        "location": {
            "type": "string"
        },
        "locationName": {
            "type": "string"
        },
        "defaultExperience": {
            "type": "string"
        },
        "isZoneRedundant": {
            "type": "string"
        }
    },
    "variables": {},
    "resources": [
        {
            "name": "[concat(parameters('name'), '/default')]",
            "type": "Microsoft.DocumentDB/databaseAccounts/notebookWorkspaces",
            "properties": {},
            "dependsOn": [
                "[resourceId('Microsoft.DocumentDB/databaseAccounts', parameters('name'))]"
            ],
            "apiVersion": "2021-05-01-preview"
        },
        {
            "apiVersion": "2021-05-01-preview",
            "kind": "GlobalDocumentDB",
            "type": "Microsoft.DocumentDb/databaseAccounts",
            "name": "[parameters('name')]",
            "location": "[parameters('location')]",
            "properties": {
                "databaseAccountOfferType": "Standard",
                "locations": [
                    {
                        "id": "[concat(parameters('name'), '-', parameters('location'))]",
                        "failoverPriority": 0,
                        "locationName": "[parameters('locationName')]"
                    }
                ],
                "backupPolicy": {
                    "type": "Periodic",
                    "periodicModeProperties": {
                        "backupIntervalInMinutes": 1440,
                        "backupRetentionIntervalInHours": 720,
                        "backupStorageRedundancy": "Geo"
                    }
                },
                "isVirtualNetworkFilterEnabled": false,
                "virtualNetworkRules": [],
                "ipRules": [],
                "dependsOn": [],
                "capabilities": [
                    {
                        "name": "EnableServerless"
                    }
                ],
                "enableFreeTier": false
            },
            "tags": {
                "defaultExperience": "[parameters('defaultExperience')]",
                "hidden-cosmos-mmspecial": ""
            }
        }
    ],
    "outputs": {}
}